page_id,title,review_scope,implemented_in_batch,gap,prerequisites,next_complete_walkthrough,completion_evidence
breure-2024,给每一张trade-off图做一次方法审计,针对性正文审读,False,,,,
causality,观测、模型、干预：能说到哪里,针对性正文审读,False,对“不显著不等于无效”的结论正确，但初学者缺少效应大小、波动范围、混杂与选择的直观数值基础。,均值差与变异；误差范围；共同原因；选择后的描述,以同样均值差但不同噪声/样本支持的两组简化图解释“重要性”和“确定性”不同；画一个三节点共同原因图，并指向已完成的优秀案例迁移数字反例。,术语有一眼可读的具体图，且与exemplar-transfer明确分工。
cheng-2023,农户看见的生态服务，等不等于生态实况？,针对性正文审读,False,正文告诉读者该先认什么，但没有直接带着认一次。Fig.7的图例、点/箭头种类、轴解释度分母和scaling仍需读者自行补足统计背景。,rda数值与作图链；分布/秩；聚合与独立单位,把一个村庄的受访者回答聚合到Y一行，与X同ID连接，再标出该行在图中的对象；对Fig.7选一组响应/解释箭头说明能读什么，不能从角度读什么。为Kruskal–Wallis/Wilcoxon增加小型秩值示例及检验目标。,从原始有效回答→村平均→标准化矩阵→图上对象能连贯追踪；至少一个图上结论附原文定位。
cheng-2025,Q方法：把“都重要”变成可以讨论的取舍,针对性正文审读,False,原先声称链接已完整演示的跨页承诺现已更正，准确说明只覆盖定义、排序与相关。实体教学缺口仍在：因子提取、载荷到加权z及典型排序尚无完整数字链。,q-method完整数值链；图例与矩阵/载荷/典型排序区分,保留现已修正的覆盖措辞；完成q-method后从论文的一条服务陈述出发，链接到教学链对应位置，并为Fig.3/4/5各挑一处标记做“图上对象→统计对象→可说/不可说结论”的演示。,跨页链接落点与“演示”声明一致，图3/4/5的读者能辨认点/类别/未归属者代表什么。
cheng-landscape-evidence-2025,程嘉莉景观优化：公开会议证据与博士版本边界,针对性正文审读,False,图的证据边界说明充分，但第一次见矩阵散点图/分布图的人仍没有逐面板读法；只知道8维不能由2维判支配，还不知道该怎样读一个面板。,二维散点图；对角线/对称面板；分布与样本对象；多目标方向,挑一对目标，把横轴/纵轴、颜色、基线符号、改进方向和点代表“模型配置”逐层标出；用另画的合成小图演示二维改善但在第三目标变差。Fig.2解释分布不是时间/概率预测。,至少一个面板有完整示范阅读句及相应限制；与原短文身份分开于博士优化章。
cheng-thesis,程嘉莉博士论文：感知 → 偏好 → 景观重设计,针对性正文审读,False,,,,
corrections,核验记录与容易学错的地方,仅目录盘点，尚待细读,False,,,,
course,七条研究路径：按问题自由进入,仅目录盘点，尚待细读,False,,,,
data-schema,数据字典、主键与采集的最低要求,本批另行深化与核算,True,,,,
ditzler-2019,农场利润之外：家庭的钱、时间和食物,针对性正文审读,False,,,,
dong-2026,海南农业增产目标能否守住氮磷环境边界？,针对性正文审读,False,关键“生产下界与多个环境上界交集”仍主要藏在命令之后，正文没有直接列出该合成输入与完整结论；原文阈值来源、拟合和尺度又很容易被读成施肥处方。,区间/约束交集；总量与单位面积；养分守恒；阈值与拟合的差别,把min(环境上界)与生产下界的合成数字直接放正文，画可行区间及下界超过上界时的空集；再用同一边界小流量表演示内部粪肥抵消。原文143研究/1107观测的阈值拟合单列流程与待核输入，不用教学值填补。,无需运行脚本也能解释存在/不存在同时达标区间；数字与脚本的案例标识一致。
dong-2026-ledger,方法账本｜海南岛氮磷生产目标与环境边界,仅目录盘点，尚待细读,False,,,,
efficiency-score,Pareto efficiency score：别把“全部”读成“至少一个”,针对性正文审读,False,,,,
farmdesign-2012,FarmDESIGN：把农场当作相互联系的资源系统,针对性正文审读,False,这个句子概括了最关键的算法，却没有说明一个配置如何编码、怎样产生新配置、越界/不可行如何处理、何时停止以及怎样判断随机搜索是否稳定。,whole-farm变量/参数/约束；Pareto支配；向量编码与随机数种子,以小型合成农场先列两个可行配置及其目标值，再分解一次与来源相符的候选生成、边界处理、可行性评价、非支配保留过程；用多种子/迭代曲线说明近似前沿，不暗示完整枚举。,读者可追踪一个候选从决策向量到资源账、目标向量及保留/淘汰理由；原算法与教学替身边界可见。
farmsteps-2026,FarmSTEPS：地块 × 时间 × 农场约束,针对性正文审读,False,,,,
groot-2017,营养敏感景观中的综合系统研究,针对性正文审读,False,,,,
hainan-field-design,海南第一年：方向、指标和调研方案怎样一起收敛,仅目录盘点，尚待细读,False,,,,
hainan-map,把整套学习迁移到海南PhD2,仅目录盘点，尚待细读,False,,,,
ideal-distance,MIDIP与HDIP：靠近理想点还是只是均匀,本批另行深化与核算,True,,,,
indicator-selection,指标不是清单：从研究问题到可计算、可解释的评价体系,仅目录盘点，尚待细读,False,,,,
indicators,指标：单位、方向、分母与系统边界,针对性正文审读,False,,,,
landscape-2007,多尺度权衡：田块好，不一定整个景观最好,针对性正文审读,False,,,,
landscape-2018,LandscapeIMAGES：每个Pareto点背后是一张地图,针对性正文审读,False,四个英文动词可读但接口未被一个连贯案例穿起来；六类代理指标只是名字，尚未展示“同一张地图的一处改变怎样进入函数再改变绩效点”。,空间单元/决策单元；邻接关系；目标函数与Pareto；面积与配置的区别,给带编号的3×3地图、允许土地利用、邻接定义与成本/面积约束；对两张地图逐项算同面积、共享边和一个合成收益，再生成一个小候选集并在前沿图点选回原配置。各模块的输入/输出列名一致。,至少一张地图和一个绩效点有双向可追踪ID；读者能指出哪些指标实际用了位置。
ledger-breure-2024,方法账本｜给每一张trade-off图做一次方法审计,仅目录盘点，尚待细读,False,,,,
ledger-cheng-2023,方法账本｜农户看见的生态服务，等不等于生态实况？,针对性正文审读,False,,,,
ledger-cheng-2025,方法账本｜Q方法：把“都重要”变成可以讨论的取舍,针对性正文审读,False,,,,
ledger-cheng-thesis,方法账本｜程嘉莉博士论文：感知 → 偏好 → 景观重设计,仅目录盘点，尚待细读,False,,,,
ledger-ditzler-2019,方法账本｜农场利润之外：家庭的钱、时间和食物,仅目录盘点，尚待细读,False,,,,
ledger-farmdesign-2012,方法账本｜FarmDESIGN：把农场当作相互联系的资源系统,仅目录盘点，尚待细读,False,,,,
ledger-farmsteps-2026,方法账本｜FarmSTEPS：地块 × 时间 × 农场约束,仅目录盘点，尚待细读,False,,,,
ledger-groot-2017,方法账本｜营养敏感景观中的综合系统研究,仅目录盘点，尚待细读,False,,,,
ledger-landscape-2007,方法账本｜多尺度权衡：田块好，不一定整个景观最好,仅目录盘点，尚待细读,False,,,,
ledger-landscape-2018,方法账本｜LandscapeIMAGES：每个Pareto点背后是一张地图,针对性正文审读,False,,,,
ledger-liang-2022,方法账本｜从真实农户中找到值得学习的系统,仅目录盘点，尚待细读,False,,,,
ledger-liang-2023,方法账本｜从三千种轮作中筛出可解释的选择,针对性正文审读,False,,,,
ledger-liang-thesis,方法账本｜梁政渊博士论文：从现实案例到系统生成,仅目录盘点，尚待细读,False,,,,
ledger-mixed-2026,方法账本｜系统性创新：技术、参与与情境要一起考虑,仅目录盘点，尚待细读,False,,,,
ledger-novotny-2024,方法账本｜粮食够不够，不只是一列热量,仅目录盘点，尚待细读,False,,,,
ledger-qu-2025,方法账本｜一处减排，为什么可能在另一处丢失,仅目录盘点，尚待细读,False,,,,
ledger-toorop-2023,方法账本｜反脆弱性：有吸引力的概念需要什么证据,仅目录盘点，尚待细读,False,,,,
ledger-verdouw-2021,方法账本｜数字孪生不是给静态表格换个名字,仅目录盘点，尚待细读,False,,,,
ledger-xu-2024,方法账本｜规模变大，为什么不等于所有指标变好,仅目录盘点，尚待细读,False,,,,
ledger-xu-data-2024,方法账本｜一套调查，怎样支撑多篇博士研究,仅目录盘点，尚待细读,False,,,,
ledger-xu-thesis,方法账本｜徐展博士论文：分类以后，给不同农场不同方案,仅目录盘点，尚待细读,False,,,,
liang-2022,从真实农户中找到值得学习的系统,仅目录盘点，尚待细读,False,,,,
liang-2023,从三千种轮作中筛出可解释的选择,针对性正文审读,False,,,,
liang-exemplar-transfer,从优秀农户到可迁移方案：梁2022的证据接口,本批另行深化与核算,True,,,,
liang-indicator-audit,梁2022：七个指标逐项拆解——选了什么，怎么算，为什么选,本批另行深化与核算,True,,,,
liang-thesis,梁政渊博士论文：从现实案例到系统生成,针对性正文审读,False,,,,
method-ledgers,逐篇方法账本：对象、数据、计算与研究迁移,针对性正文审读,False,,,,
mixed-2026,系统性创新：技术、参与与情境要一起考虑,针对性正文审读,False,,,,
model-map,模型地图：评估、生成、优化不是同一件事,针对性正文审读,False,,,,
model-software,模型与软件：从科学问题到可运行工具,针对性正文审读,False,入口清单和许可证边界清楚，但仍缺一条初学者可以照着理解的工具链：拿什么文件、放哪里、执行哪条命令、看到什么输出、如何判断与图表相符。,文件/目录与终端；CSV列与单位；输入参数/随机种子；输出表/图及日志,先针对已公开教学脚本做一份从下载包到结果的完整走读，列目录树、固定输入、命令、成功输出样例、常见路径/依赖错误。再把真实FarmSTEPS示例项目按手册讲字段与导出接口；无法运行的引擎明确停在哪一步。,一条可运行教学路径及一条有边界的官方软件路径均有输入输出契约和可读结果。
novotny-2024,粮食够不够，不只是一列热量,针对性正文审读,False,,,,
nutrients,N收支、循环与污染转移,针对性正文审读,False,,,,
offline-help,手机离线阅读与数据备份,仅目录盘点，尚待细读,False,,,,
pareto,Pareto支配、前沿与非支配排序,本批另行深化与核算,True,,,,
pca-cluster,PCA与HCA：把方案整理成可解释的类型,针对性正文审读,False,从“标准化矩阵”直接跳到主成分，零基础读者尚不知道一行/一列、均值、标准差、载荷、得分和解释方差之间怎样连接。R骨架中的X、k、g没有本页可追踪输入；Ward合并与树状图也未展开。,观测×变量矩阵；均值与标准差；相关与协方差；向量、投影及正交的直观含义,用4—6个明确命名的合成对象×2—3指标，从原始表逐列算中心/尺度；展示一行标准化、一条PC载荷与一个对象得分；列特征值及方差比例。继续给出欧氏距离、一次Ward合并及切树后分组，标注为什么选保留PC数/组数。,正文能从原始一行追到PC得分、聚类成员及类均值；附完整固定输入/预期输出和原文方法定位，而非只要求读者自行运行。
positive-deviance,Positive deviance：向谁学习，而不是删除谁,针对性正文审读,False,,,,
q-method,Q方法：人物排序、因子载荷与典型观点,针对性正文审读,False,从相关直接跳到提取、旋转、载荷与factor array；缺少如何把多份排序变成典型观点的完整中间结果。,Q-set/P-set；排序矩阵方向；相关矩阵；PCA基础；z分数及正交旋转的含义,采用足够解释流程的固定合成排序，完整显示人际相关矩阵、保留因子依据、旋转前后载荷、显著/交叉载荷与未归属例、flagged排序的加权z值，以及依z排序回填2–4–8–4–2网格。至少跟踪同一条陈述贯穿整个链。,一条陈述从原始分数到典型排序位置可逐步复核；未归属者、区分/共识陈述有具体解释。
qu-2025,一处减排，为什么可能在另一处丢失,针对性正文审读,False,,,,
rda,RDA：受解释变量约束的多变量排序,针对性正文审读,False,“解释”和“排序”两个核心运算没有展开；读图小节只列scaling、轴分母、共线性、置换问题而不回答。学习者看完仍无法把矩阵与Fig.7的点/箭头/百分比对应起来。,矩阵行对应同一村庄；多响应回归与拟合/残差；PCA得分/载荷；随机置换与检验对象,给固定、可识别的合成X/Y表，展示一列响应的拟合值和残差，再显示拟合矩阵排序结果。提供带图例的RDA图：样点、响应箭头、解释变量箭头、scaling设置、总变异/约束变异分母逐项说明；演示一次合法置换和实际统计量含义。,正文直接给出至少一个点和一支箭头的完整读法，以及同向为何不能证明因果；实际图的变量/轴解释能回到原图题。
reader-guide,把论文放进可复用的阅读流程,仅目录盘点，尚待细读,False,,,,
reader-offline-update,原文阅读与离线资料升级,历史更新记录，非研究讲解,False,,,,
reader-workspace-20260928,2026-09-28 · 从固定文库到个人论文工作区,历史更新记录，非研究讲解,False,,,,
reading-proof-workflow,一篇论文的完整研究档案：问题、数据、方法与迁移,仅目录盘点，尚待细读,False,,,,
release-510,v5.1.0：版本号与保护笔记的自动更新,历史更新记录，非研究讲解,False,,,,
reproduction-records,复现记录：输入、实现、输出与差异,针对性正文审读,False,,,,
research-2026-10-03-library,研究工作区重组：内容覆盖与自由阅读,历史更新记录，非研究讲解,False,,,,
research-decisions,集中决策面板：一次看清需要确认什么,仅目录盘点，尚待细读,False,,,,
research-directions,三个候选主问题：比较后收敛，而不是同时全做,针对性正文审读,False,,,,
research-exemplar-transfer-2026-10-04,梁2022：从优秀案例到可迁移研究设计,历史更新记录，非研究讲解,False,,,,
research-feedback,所有输入与待回应事项,仅目录盘点，尚待细读,False,,,,
research-framework,把农业系统研究读成一条完整的论证链,仅目录盘点，尚待细读,False,,,,
research-studio,研究设计工作台：把文献读成可以推进的博士研究,仅目录盘点，尚待细读,False,,,,
research-synthesis,综合与创新：从已有研究到博士问题,针对性正文审读,False,,,,
rotation,ROTAT式规则生成与时空约束,针对性正文审读,False,有规则名和复杂度m^n，但尚缺一棵实际分支树及一步步从活动日历到可行序列再到全场计划的过程。现有“2地块×3期×3活动”不足以让初学者独立解释12、144或被删分支。,活动节点与日历；笛卡尔积/组合数；局部与全场约束；单位及时间窗,正文给三活动的利润/水/劳动表与唯一命名案例版本；画第一期3选择、第二/三期禁止重复后的分支，列出12条局部序列，展示一组两地块组合逐期劳动及淘汰原因，再追踪一个保留计划到指标向量。标出两个现有脚本为何数值不同。,不用执行代码也能复算一条分支及其资源表；下载示例名、阈值与正文数值一致或明确并列。
sample-size-design,样本量不是固定384：先写精度、相关性、成本和信息目标,针对性正文审读,False,,,,
sampling-cluster,整群与多阶段：减少路费，不把同村农户当独立复制,针对性正文审读,False,公式没有配具体分母和不同村庄规模的完成算例；PSU、stratum、权重和群内相关的分析后果仍是术语。,条件概率；设计权重；独立观察与群内相关,用两类规模村庄的明确抽样框，算每村抽中概率和每户条件概率，再以一列水耗做加权总体均值；连接同村相似记录为何不能当独立复制的示意。,PSU/stratum/weight在示例数据中各有一列；计算能对应设计过程。
sampling-frames,抽样框：名单、区域、多框、必入单位与普查,仅目录盘点，尚待细读,False,,,,
sampling-library,样本选取知识库：先决定要推断什么，再决定怎么抽,仅目录盘点，尚待细读,False,,,,
sampling-nested,农场—地块—活动—样方：不要把观测条数当独立样本数,针对性正文审读,False,,,,
sampling-nonprob,便利、配额、滚雪球与专家：能做什么，不能声称什么,仅目录盘点，尚待细读,False,,,,
sampling-panel,时间设计：同一批农户回访，还是每次换一批,针对性正文审读,False,定义齐全，但尚无同一小数据集展示面板个体变化与重复横截面总体变化的不同，以及失访如何改变结论。,稳定ID；差值/均值；进入退出总体；缺失与失访,列3户×2期面板及另一个第二期样本，逐一算户内变化/各期均值变化；加入一户失访，展示可比较对象改变。用年度活动日历标访问时点与回忆期。,每种设计的行、ID和可估计量对应明确，读者可从表复算差异。
sampling-phase,两相抽样：先廉价知道更多，再昂贵测量一部分,仅目录盘点，尚待细读,False,,,,
sampling-pps,PPS：规模越大越可能入选，但未必就是自加权,针对性正文审读,False,提醒了PPS与自加权条件，却没有实际计算包含概率与两阶段权重，读者无法完成所要求的“计算”。,目标总体/估计量；条件概率；入选概率与抽次概率的区别；加权均值,选一种明确定义且简单可计算的教学PPS设计，列3—4村MOS、抽样规则、村内固定抽户数及每户最终概率/权重；再加一个必入村或MOS过时反例，解释为何不再自加权。,一个具体农户的选择概率与最终权重可逐项复算；不能只输出抽中名单。
sampling-purposeful,目的性抽样知识树：信息丰富，不等于总体代表,仅目录盘点，尚待细读,False,,,,
sampling-random,简单随机与系统抽样：随机的是哪一步,针对性正文审读,False,,,,
sampling-spatial,空间布点：地理覆盖、协变量覆盖与概率推断不是一回事,针对性正文审读,False,GRTS、BAS、cLHS名称密集；初学者看不到同一候选地图在地理覆盖、协变量覆盖和概率推断目标下为什么会选不同点。,空间总体与候选域；辅助变量；概率样本；模型预测和设计推断,用同一小候选点表加坐标/土壤协变量，做非算法冒名的覆盖示例：等距/随机/协变量代表点分别可见何种空缺。再以已核官方工具说明讲一条cLHS输入输出；GRTS/BAS需补全文/官方接口后再做精确实现。,一张地图与一张协变量散点图并列，能解释同一选点集在两种空间中覆盖不同。
sampling-stratified,分层抽样：保证关键类型被看见，同时保留正确权重,针对性正文审读,False,,,,
sampling-validation,模型样本：覆盖、参数识别、校准与独立验证,针对性正文审读,False,很好地指出泄漏，但没有实际分组/时间切分表，也未演示参数可识别性与简单预测误差的差别。,训练/校准/验证角色；组内依赖；参数与输出；外推目标,给农场×年份×活动ID小表，画错误逐行切分与正确按目标分组/留期的分割；再用两个参数组合产生同一预测的小例说明“拟合好”不等于参数被识别。,每条样本为何进入哪一集合有规则，至少一个泄漏反例和一个识别性反例完整展开。
session-2026-09-28,学习站初始化与接续安排,历史更新记录，非研究讲解,False,,,,
session-2026-10-03-farmsteps-evidence,FarmSTEPS：从概述推进到可核验研究链,历史更新记录，非研究讲解,False,,,,
spatial-design,空间显式设计：不是给普通模型附一张地图,针对性正文审读,False,邻接例已有结论，但没有带坐标/编号的图、邻接定义和逐边计算；对矢量/栅格、CRS、分辨率与聚合的先验知识要求较高。,栅格/多边形；坐标与距离单位；4邻域/8邻域；面积加总与空间函数,直接画三行三列并编号，分别计算四邻域下2边与0边；说明换8邻域结论怎样变。加入一个30m栅格到1ha地块的面积加权例，演示换CRS或不统一单位会出错，但不制造额外测量精度。,读者可在图上圈出每条计入边，知道输入几何与输出指标之间的运算。
study-2026-10-02-learning-usability,2026-10-02 · 从学习入口到可解释的支配关系,历史更新记录，非研究讲解,False,,,,
study-2026-10-03-model-reasoning,2026-10-03 · 从公式、边界到情景的可核算练习,历史更新记录，非研究讲解,False,,,,
study-bilingual-framework-2026-09-28,带读框架、逐段中文与点按术语,历史更新记录，非研究讲解,False,,,,
study-dong-2026-09-30,2026-09-30 · 纳入海南氮磷边界研究,历史更新记录，非研究讲解,False,,,,
survey,感知、偏好、采纳：三类调查不能互换,针对性正文审读,False,要求读者自己写三问，却未直接提供完整、对照的三问及编码/解释示例。初学者很难看出措辞、时间窗和行为条件的差异。,测量构念；时间窗；回答尺度；不知道/不适用,直接给三种完整问句、可选回答、缺失编码、同一受访者的示范回答及每项能支持的结论；展示一个诱导性问法如何改写及为何。,无需作答就能看完整问句—编码—解释链，感知/偏好/采纳不会互相代称。
toorop-2023,反脆弱性：有吸引力的概念需要什么证据,针对性正文审读,False,,,,
topic6-requirements,官方课题6：PhD2的任务边界与开放决策,仅目录盘点，尚待细读,False,,,,
typology,类型划分：为不同可行域服务,针对性正文审读,False,已经指出平均农场可能不存在，却未展示如何从一组真实对象选择代表、保留分布、转换成不同模型可行域。,聚类；联合分布；代表样本与总体权重；资源约束,给一小组面积/劳动/养殖的合成表，展示列均值组合与实际对象的差异；明确演示选medoid或多个代表这一教学约定，随后比较它们的资源约束，而非只给类别名称。,代表的选择规则、保留对象ID及模型输入都有显式表；均值/实际个案/分布用途可辨。
uncertainty,情景、敏感性、不确定性与稳健决策,针对性正文审读,False,,,,
update-20260929-reader-v5,阅读系统更新：私有同步、轻便便签与可编辑标签,历史更新记录，非研究讲解,False,,,,
update-20261003-thesis-evidence-v552,博士证据补口：程嘉莉公开会议短文与版本边界,历史更新记录，非研究讲解,False,,,,
validation,模型可信度：从守恒到外推边界,针对性正文审读,False,实现正确、结构可信、预测误差、方案可行、现实实施五层概念目前主要靠提醒，没有一个数值例贯穿。,观测/预测配对；残差与系统偏差；校准/留出；适用域,给4组有单位的合成观测/预测，算偏差与一个误差尺度，再展示另一个守恒通过但预测错误的模型；说明改参不能在同一留出集上反复挑最优。把结果回连到一个未实施方案的证据限制。,每层验证对应不同输入和输出证据，读者能理解单元测试通过为什么不足。
verdouw-2021,数字孪生不是给静态表格换个名字,针对性正文审读,False,四问帮助审查，但没有直接展示一次真实对象—数据—模型—决策—反馈循环，也未说明每次时间戳/更新失败怎样影响可用结论。,状态与观测；数据时间戳；模型输入输出；执行记录与反馈,设计一个明确合成、人工更新的灌溉记录小流程，给出t0观测、输入转换、预测、人工决定和t1反馈，指出缺任一连接只能声称哪一层原型。分类定义需另引准确原始来源。,读者可看一条记录穿过全链，且理解静态仪表盘为何不足。
whole-farm,全农场模型：参数、状态、决策与约束,针对性正文审读,False,,,,
xu-2024,规模变大，为什么不等于所有指标变好,针对性正文审读,False,一句轴定义仍不足以让零基础读者理解一条累计分布、读分位数、比较交叉曲线和理解KS检验；“稀释抽样1000次”也没有算法展开。,排序与累计比例；经验分布函数；中位数/分位数；抽样重复,用两组各5个合成农场，排序后逐点算F(x)、标阶梯图及一个中位数；展示曲线交叉与KS最大竖距。再用小面积样本演示一次面积匹配稀释，解释1000次的输出是分布而非新增1000真实样本。,正文能在图上读出某阈值以下比例和一个KS距离；说明为什么曲线不是时间轨迹。
xu-chapter4,徐展博士论文第4章：把农场差异、优秀实践和系统优化真正接起来,针对性正文审读,False,给出了算法参数，但未解释F、CR控制什么或一轮候选怎样变化。SC3/SC4的机制练习又要求读者自行补数，缺少已完成的输入—约束—可行域—结果对照。,FarmDESIGN搜索链；DE变异/交叉的直观含义；固定参数与重配置；可行集及前沿,用明确合成活动表展示同一土地/劳动上限下的SC1–SC4，逐格标注改变面积还是改变投入产出系数。另给一次F/CR操作的来源一致说明；对Fig.4.5/4.6做轴/归一化/比较基线定位，未核原图前保留待核标记。,两套活动参数、各情景可变项、至少一个可行/不可行配置及结果表在正文齐全；参数演示与原文数值分开。
xu-data-2024,一套调查，怎样支撑多篇博士研究,针对性正文审读,False,变量→成分→聚类→轮廓系数→细分→分层抽村是长方法链，但本页只给最终数字。读者不清楚每步输入表如何缩减/增加列及何时真正发生抽样。,pca-cluster完整链；轮廓系数的组内/组间距离；分层抽样概率,增加流程账本：每步行数、列数、对象单位、保留/排除理由和输出ID。用一个对象手算轮廓系数，并标明类别确定与村庄抽样是不同操作；说明非等比例分层后权重如何进入后续总体估计。,原文每个计数能放在明确步骤；分类和抽样不再被读成同一黑箱。
xu-thesis,徐展博士论文：分类以后，给不同农场不同方案,针对性正文审读,False,,,,
