statement_id,statement,P01,P02,P03,P04,P05,P06,P07,P08,P09,P10
S01,稳定产品收入,5,5,5,4,2,2,2,2,3,4
S02,增加粮食供给,5,2,5,5,3,3,3,4,3,5
S03,优先节水,3,3,3,4,5,5,5,5,3,3
S04,减少氮流失,3,3,3,3,4,4,3,4,3,3
S05,留出家庭时间,4,4,4,4,3,4,4,3,4,3
S06,保留田边生境,1,3,1,1,4,2,3,3,1,4
S07,长期土壤肥力,3,3,4,2,5,5,5,2,2,3
S08,减少化学防治,2,2,2,2,4,3,4,4,4,2
S09,少投入现金,4,4,4,3,1,3,1,1,5,1
S10,减少管理复杂度,4,4,3,5,2,4,2,2,2,3
S11,给野生生物留空间,1,1,1,1,3,3,3,3,2,5
S12,应对价格波动,3,1,3,3,2,2,2,2,2,3
S13,学习新技术,2,2,2,2,3,3,3,3,3,3
S14,延续地方品种,3,3,2,3,3,3,4,3,4,2
S15,提供村内就业,3,3,3,3,3,1,3,3,3,2
S16,提高产品质量,3,3,3,3,3,3,3,3,3,4
S17,少占闲季劳力,4,4,4,4,1,1,1,1,5,4
S18,改善沟渠水质,2,5,2,3,4,4,4,5,4,3
S19,内部养分循环,2,2,3,2,3,3,3,3,1,2
S20,保留调整空间,3,3,3,3,2,2,2,4,3,1
